"musteri","isim","soyisim","kredi"
"796343058","Alina","Matuska","1"
"719493858","Phaidra","Eastcott","0"
"716171358","Corinna","Beadman","0"
"711521958","Neda","Kettle","0"
"755661933","Algernon","Insworth","0"
"798451908","Thornie","Scutchin","0"
"714176133","Irene","McVaugh","0"
"718920708","Orelee","Postill","0"
"711381183","Valentine","Guion","0"
"718853358","Fanchette","Gaize","1"
"717001908","Sherye","MacPike","0"
"718281408","Willi","Follan","1"
"720425508","Doreen","Veelers","0"
"713891133","Ardyce","Flaubert","0"
"711160233","Yevette","Bruhnsen","0"
"717376758","Prisca","Casarili","0"
"815908908","Sandie","Osgardby","0"
"711176133","Isa","Wraight","1"
"709649958","Boote","Paszek","1"
"812973708","Patrick","Klaiser","0"
"709587783","Josy","Willoughby","1"
"711583458","Talya","Palffy","0"
"717277833","Laurence","Posselt","0"
"715118058","Husein","MacGill","0"
"711772008","Reggy","Tarburn","0"
"718939083","Rachelle","Wooldridge","0"
"711028308","Sheena","Hamblyn","0"
"716264358","Michale","Andreacci","1"
"778349883","Heda","Meadley","0"
"712288158","Dulcinea","Fauguel","1"
"720163458","Cindee","Stein","1"
"820075983","Maure","Cumberland","0"
"712278108","Helsa","Antoons","0"
"812235108","Modesta","Diaper","1"
"709615458","Cairistiona","Bennie","0"
"717146208","Damita","Brophy","0"
"804661083","Thornie","Pardey","0"
"714528258","Beryle","Russilll","0"
"720322008","Silvia","Inkpen","1"
"788920308","Dominick","Bushel","0"
"710278458","Maris","Maryin","1"
"748617858","Wendie","Perott","0"
"769330908","Vernon","Bragger","0"
"711879633","Patty","Vassall","0"
"718307433","Bryana","Dahlberg","0"
"788754108","Lorianne","Martyntsev","1"
"716556258","Evvie","Lethbridge","0"
"718301508","Sebastien","Kuhne","0"
"709810458","Ibrahim","Prentice","0"
"770146008","Nicolis","Biggerstaff","0"
"717524433","Ara","Gerritzen","0"
"708877458","Elsa","MacMickan","0"
"715196508","Pepillo","Rosenbusch","0"
"719756133","Ethyl","Hatt","1"
"709054083","Jon","Scammonden","1"
"716727258","Laureen","Wetherell","1"
"787593558","Alford","Firidolfi","0"
"708557358","Rivkah","Rodder","1"
"710232483","Shea","McLorinan","1"
"709916058","Cullan","McOmish","0"
"720445533","Ruthe","Woofinden","1"
"807044958","Julie","Bexon","0"
"713854608","Violette","Skentelbury","1"
"720799608","Reinaldos","McCoveney","0"
"808705758","Penelope","Hellewell","1"
"779658408","Elene","Widdocks","0"
"713834358","Ricca","Notton","0"
"779456508","Jasmina","Vardey","1"
"813804783","Mallissa","Lambal","0"
"710449983","Remy","Iannitti","0"
"771222558","Barnabas","Lockner","0"
"807209808","Andrea","Hardi","1"
"713997183","Rheba","Boake","0"
"711807333","Melodie","Neljes","0"
"803335008","Ash","Reddoch","0"
"789282333","Madlen","Logue","0"
"714985458","Yulma","Gronou","0"
"785106933","Shirline","Bonifas","0"
"768638208","Brittan","Pinel","0"
"720909408","Ekaterina","Annetts","0"
"711697158","Curt","Currom","1"
"721349883","Al","Ellings","0"
"713177808","Nadine","Woodroof","0"
"709822008","Cristen","Dewire","0"
"714754533","Ingrid","Andreaccio","0"
"772382283","Marin","Boggers","0"
"716431833","Davon","Mantz","0"
"721053633","Lesly","Henfre","1"
"788019483","Darryl","Landrean","0"
"713144208","Vinita","Lorrimer","0"
"813261408","Jonathan","Arnal","1"
"709058808","Candice","Aimable","1"
"718777008","Pauline","Swadden","0"
"712076358","Hillie","Simnor","0"
"716630508","Roth","Romand","0"
"779134458","Kendre","Aiken","0"
"714373308","Leisha","Rougier","0"
"769438608","Leisha","Ganforthe","0"
"789297558","Krystyna","Sparkwell","0"
"710773533","Sheree","Jankowski","1"
"738627708","Rosabel","Pozzo","0"
"720179883","Deva","Mordy","0"
"794843883","Calli","Weekly","1"
"787452333","Kristofor","Poytres","1"
"718739508","Mordy","MacMaster","0"
"780374133","Yalonda","Mollett","1"
"822898758","Herby","Yeomans","0"
"778698408","Kristofer","Trench","1"
"789097833","Abie","Dunkerly","1"
"798281808","Waiter","Langham","0"
"711836733","Betty","Froment","0"
"715016508","Nellie","Comazzo","1"
"709638783","Chilton","D'Enrico","1"
"720114633","Eddy","Fortie","0"
"773146383","Trent","Henlon","1"
"710456658","Cyndie","Feavyour","0"
"715657833","Wilona","Brotherhood","0"
"779104608","Allx","McRae","0"
"769985883","Anatol","Grayshan","0"
"789603183","Ethelbert","Chaffey","0"
"720748608","Erda","McEwan","1"
"767687208","Irving","Gyles","0"
"719054733","Rozanne","Carlick","0"
"735008958","Samantha","Sandry","1"
"709919283","Angelita","MacCall","0"
"720427683","Linn","Honywill","0"
"709693833","Mignonne","Pykett","1"
"709942383","Thorin","Efford","0"
"708788583","Arda","Hartegan","1"
"789114408","Pansy","O'Sheilds","0"
"710862258","Selig","Strutton","1"
"710577708","Willdon","Isaacs","0"
"720482583","Clementia","Trembley","0"
"778627983","May","Moyler","0"
"715365183","Eduardo","Falconar","0"
"709035708","Nataniel","Harborow","0"
"788780958","Pall","Favela","0"
"712556433","Livia","Skupinski","0"
"713733633","Tania","Whitter","1"
"717244683","Linzy","Loveredge","1"
"811775883","Tudor","Verriour","1"
"803319633","Betteanne","Lidington","0"
"752666508","Valli","Kilby","1"
"807977808","Emmalynne","Mathiassen","1"
"716112933","Nissy","Aindriu","1"
"720198183","Niccolo","Foord","0"
"788620083","Arvie","Goman","0"
"779310033","Hewet","Wieprecht","1"
"719211558","Seth","Kiellor","1"
"716990883","Fredek","Bourchier","0"
"712500933","Roosevelt","Pulman","1"
"779445108","Emmalee","Danilovitch","1"
"716029158","Henriette","Deveraux","0"
"720642633","Marleen","Hainey","0"
"787665258","Bastian","Caulket","1"
"788767983","Kaitlin","Bulled","0"
"797998158","Manya","Whitebrook","0"
"711443808","Zelig","Habberjam","0"
"785119833","Barbara-anne","Deetlefs","0"
"714790008","Marnia","Moorhouse","1"
"708946008","Richardo","Rudledge","0"
"779305008","Dillie","Monnoyer","0"
"720384633","Quincey","Cornil","1"
"767388783","Barth","Carthew","0"
"708241233","Orren","Crone","0"
"714078558","Dorian","Hylands","0"
"721274208","Nariko","Benkin","1"
"778289883","Morrie","Applegate","0"
"718324983","Drusilla","Chaster","1"
"717109983","Amalia","Cords","0"
"717420333","Catriona","Bleaden","0"
"720401658","Farrand","Levesque","1"
"804867183","Bert","Danton","0"
"718756533","Jareb","Featherston","0"
"711371208","Pavel","Spitell","0"
"803606958","Corine","Salter","0"
"717128283","Viva","Littledike","0"
"820271208","Poul","Pearcy","0"
"754599558","Clim","Pietersma","0"
"721190358","Valli","Judkins","0"
"708369633","Creighton","Presnall","0"
"712723608","Brose","Mundford","1"
"783070833","Loutitia","Sneden","0"
"718478883","Selina","Pigeram","0"
"710675508","Angelle","Spawforth","1"
"717414933","Merola","Arnott","1"
"710719683","Coleman","Tomaello","0"
"715732533","Geri","Woolerton","0"
"710497608","Shell","Jakubowsky","0"
"778863258","Felic","Van den Dael","0"
"712438308","Rycca","Hellwing","0"
"772590408","Kean","Oates","0"
"710070183","Nariko","Ticehurst","0"
"710451708","Dale","Llopis","1"
"714670533","Harlie","Slimming","0"
"827953683","Denney","Teager","1"
"719759733","Ulrike","Lepope","0"
"708438033","Marta","Mulvaney","0"
"713870958","Daisi","Budik","1"
"714054408","Karmen","Scanderet","0"
"708811233","Babb","Pummell","0"
"717553683","Willow","Meechan","0"
"789204933","Abbey","Fiddler","0"
"719570733","Mahmoud","Rollason","1"
"783500283","Faina","Ismail","0"
"794579658","Kahaleel","Lamasna","0"
"809071083","Chadd","MacDermott","0"
"716461683","Chrissy","Cases","0"
"715682208","Katee","Cantu","0"
"711854808","Gray","Tatlowe","0"
"818929158","Margarete","Nother","0"
"708085458","Sonya","Aguirre","1"
"768886533","Tammy","Hammerton","0"
"714102183","Cher","Joan","0"
"721074183","Chance","Caws","0"
"715698633","Terri","Rounsefull","0"
"789432033","Mitchel","Johnigan","0"
"715057383","Stefanie","Greener","1"
"718317258","Hamel","Godly","1"
"709927458","Tamarra","Nelmes","0"
"720452508","Florrie","Eastmond","1"
"721417233","Hyatt","Almey","0"
"714990633","Maighdiln","Luipold","0"
"715973583","Jefferey","Spancock","0"
"779338683","Britteny","Rookwell","0"
"715071483","Claretta","Eliesco","0"
"708360108","Etti","Seabridge","0"
"712036383","Cherri","Meatyard","0"
"709418508","Warren","Pawelek","1"
"717860358","Elene","Gilstin","0"
"779405133","Ky","Gohn","0"
"709579383","Mala","Cosin","0"
"720074583","Louise","Crichley","1"
"710289783","Loise","Jerrand","0"
"710982858","Ruthe","Barnwell","0"
"711225933","Harrie","Murdoch","0"
"719967708","Daven","Dowdney","0"
"714499908","Josephine","Lowcock","1"
"709912683","Stavro","Janisson","1"
"720190083","Tandi","Schwant","0"
"721111233","Micky","Lightbowne","1"
"718421808","Randee","Poland","0"
"716543433","Ulrich","Muat","1"
"779611008","Sharleen","McNair","0"
"710579583","Van","Haukey","0"
"718206783","Cassandra","Bore","0"
"716835033","Niall","Andrioni","1"
"794113758","Otho","Thay","0"
"710280558","Galvin","Lidell","0"
"808281483","Akim","Farmer","1"
"709434408","Maurie","Sell","0"
"713664258","Hana","Aharoni","0"
"743800833","Meridith","Leverich","0"
"796336833","Nels","Giacoppoli","0"
"712470033","Antonie","Cortez","0"
"713352183","Gabie","Grundon","0"
"816850458","Nan","Twentyman","0"
"721344858","Omar","Vardey","1"
"708841233","Tomas","Seif","0"
"720152058","Hollie","Matousek","0"
"712924383","Annie","Mufford","1"
"819997983","Brittan","Syversen","1"
"711377808","Lonee","Swindin","0"
"719061933","Carlyn","MacNulty","0"
"810875958","Moll","Sloss","1"
"817887408","Avery","Steggals","0"
"718805733","Catha","Ledner","0"
"712238958","Aleece","Wooderson","0"
"713135883","Hermon","Colegate","0"
"708817608","Renae","Halwell","1"
"758331483","Karlik","Matzeitis","0"
"779765058","Audre","Milam","0"
"708190158","Hazel","D'Elias","1"
"717609633","Fancy","Beecroft","1"
"819612933","Derrik","Mantrip","1"
"708595158","Torrey","Sircombe","0"
"714569958","Hinda","Rosoni","1"
"717849708","Dacia","Robinett","0"
"718934058","Christa","Pinare","0"
"712884408","Celeste","Basford","0"
"709163358","Bendick","Pratton","0"
"715247508","Guglielmo","Isted","0"
"708539583","Ellary","Coles","0"
"709930758","Anastassia","Kempstone","0"
"709332408","Tucky","Forsdicke","0"
"720605808","Oswald","Maneylaws","1"
"808681158","Keane","Bonwick","0"
"820922733","Ragnar","Dilnot","1"
"772137183","Merwyn","Deering","0"
"720205608","Susy","Pallas","0"
"779618433","Krissie","Noblett","1"
"766111383","Philippa","Pfeffer","1"
"769137108","Carey","Spilstead","1"
"717135333","Adella","Ivashin","0"
"715745508","Cob","Wace","1"
"710213508","Morgen","Laying","0"
"717042333","Phil","Amy","0"
"801786483","Brad","Skelhorne","1"
"713208033","Wolfgang","Caddock","0"
"709225758","Kleon","Waye","0"
"714296358","Sinclair","Janczak","0"
"778191933","Davie","Lummus","1"
"716468658","Cristal","Janczyk","0"
"714834258","Giraldo","Tomaello","0"
"720680058","Lacy","Jodrellec","0"
"797218233","Jefferson","Pauncefort","0"
"788386908","Mina","Doud","1"
"758833758","Fabio","Gillies","1"
"756989583","Korella","Dillet","0"
"789469083","Marylynne","Orta","0"
"801385458","Angie","Portingale","0"
"803197833","Alf","Danat","1"
"715986258","Desmond","Renney","0"
"709664658","Eliot","Idell","0"
"711264033","Jabez","Carmont","0"
"720356133","Kiele","Paddick","0"
"719342808","Robby","Langham","1"
"720777558","Inger","Mourbey","0"
"784895358","Casandra","Covelle","0"
"719184783","Martelle","Netherwood","0"
"708082083","Norman","Redier","0"
"711575058","Brigham","Hegarty","0"
"710186958","Davis","Matteris","1"
"709984083","Sammy","Ravilious","0"
"716714733","Luelle","Gauge","1"
"769927533","Dale","Pratten","0"
"719911458","Darda","Darey","0"
"710558883","Ash","Shimmings","0"
"716756133","Randie","Leport","0"
"716881683","Benson","Tribell","1"
"711405333","Bjorn","Cornick","0"
"709948233","Mac","Skillman","1"
"793720908","Gwenore","Roddick","1"
"719267283","Erick","Applewhaite","0"
"720575058","Row","Goodie","0"
"714292533","Danice","Binton","1"
"806170158","Corney","Cordy","1"
"716014983","Brooks","Stower","0"
"779032308","Dorri","Frankiewicz","1"
"713246208","Raoul","Conew","1"
"720593583","Dallas","Basil","1"
"780067158","Barrett","Dorracott","0"
"717332733","Karry","Hegley","0"
"713492583","Corette","Dufore","1"
"715530258","Isiahi","Latehouse","0"
"711493158","Lea","Plumtree","0"
"756658083","Emlen","MacCrossan","1"
"708644208","Desmond","Sillis","0"
"807596358","Malinda","Leifer","1"
"711985833","Lazar","Smickle","0"
"713803158","Dwayne","Arthy","0"
"709444983","Damien","Tothacot","0"
"720071583","Ruthann","Eim","0"
"771197433","Melba","Van der Spohr","0"
"757024233","Damaris","McPhelim","0"
"717663033","Grissel","Mallen","1"
"717200508","Nessa","Mabb","1"
"716229108","Kinna","Girardin","0"
"826780683","Pren","Tubbs","0"
"779993208","Letti","Enric","0"
"716871633","Flor","McCord","0"
"805543158","Teodoro","Stair","1"
"769756983","Oliy","Volette","1"
"714510483","Vanna","Jerke","0"
"721234308","Theresina","Hort","0"
"708693558","Israel","Patriskson","0"
"712827258","Liam","Meddick","0"
"710436108","Tom","Woodbridge","1"
"719898108","Angelica","Geertz","0"
"712624383","Ginny","Goodchild","0"
"787509408","Hobie","Kezor","0"
"795232683","Godfrey","Casale","0"
"711216933","Debbie","Strangeways","1"
"769152783","Mommy","Hallstone","0"
"788760633","Dolf","Houldey","0"
"709343433","Phelia","Drummond","0"
"794771208","Adelle","Kondratowicz","0"
"716236683","Antonella","Cathery","1"
"716600733","Paxton","Badsey","0"
"715923408","Jayne","Philippou","0"
"779349783","Joannes","Gabe","1"
"716851908","Garek","Brando","0"
"713264583","Alexi","Klewi","1"
"709008708","Cleveland","Kovelmann","1"
"717181833","Merralee","Mundwell","0"
"771403008","Keven","Naptin","1"
"708892833","Bettine","Chapleo","0"
"720302883","Larine","Macourek","0"
"783381933","Garth","Longina","1"
"720182658","Leisha","Immings","1"
"790102008","Merlina","Aronsohn","0"
"712428333","Meredith","Renzini","0"
"713315433","Leupold","Bausor","0"
"711416958","Essa","Standen","0"
"755262933","Filmore","Trace","0"
"713787333","Shelba","Staggs","1"
"778857108","Vickie","Davidovich","1"
"771079833","Sharai","Torbard","0"
"711814608","Faythe","Cicconettii","0"
"772189308","Bev","Marguerite","0"
"711113958","Tiebold","Durling","1"
"718572408","Basia","Wallentin","1"
"710423358","Maud","Ollington","0"
"713312208","Carin","Whitebread","0"
"708611733","Lorant","Treeby","0"
"779320983","Florenza","Ridley","1"
"717081483","Anselm","Causby","0"
"780322908","Sasha","Noddle","1"
"710881008","Brian","Petrusch","1"
"718162908","Joya","Fenich","0"
"814760358","Quentin","MacNab","0"
"708522033","Joice","Abrahami","0"
"713972658","Adamo","Bosenworth","0"
"716041908","Serena","Colquhoun","0"
"714529233","Brendan","Stean","0"
"718797558","Terri-jo","Berrigan","1"
"792402483","Shandy","Wakeham","0"
"827970933","Emilie","Sarge","1"
"802243458","Nerta","Ackenson","0"
"712860858","Kittie","Simao","0"
"712203333","Boone","Sarsons","0"
"713330133","Henka","Rubenczyk","0"
"780095808","Louise","Narup","1"
"718205283","Zola","Saleway","0"
"713442933","Ddene","Maloney","1"
"710142258","Oliy","Pieter","1"
"716475183","Deirdre","Ivanishin","0"
"826077033","Blair","Lantaph","1"
"713872833","Bay","Govern","1"
"778170633","Penny","McKinnon","1"
"780881358","Vivianna","Elecum","0"
"708866133","Rebeka","Drexel","0"
"716283108","Dalila","Codeman","0"
"720706008","Spence","Carnaman","0"
"716237508","Guy","Nicol","0"
"826783233","Raviv","MacPaike","1"
"789175683","Dalston","Bamber","0"
"717076458","Bennie","Quinnet","0"
"708823908","Banky","Oventon","0"
"715140933","Jeth","Brecon","0"
"719912808","Romain","Hagan","0"
"793717608","Stern","Gourlie","0"
"762020133","Karolina","Dettmar","0"
"713930433","Marnie","Fitter","0"
"716961033","Vittoria","Bulger","0"
"778669608","Neall","Matschek","0"
"815253708","Priscilla","McCool","0"
"710387583","Torrey","Arckoll","1"
"818987958","Zebulen","Midden","0"
"789866133","Lothaire","Giffon","0"
"802087683","Marilyn","Coupland","0"
"815104608","Mella","Tabbitt","0"
"774491958","Sharla","Goldby","0"
"713299758","Huntington","Grolle","0"
"814776033","Janela","Artis","1"
"713121408","Wolfgang","Rawnsley","0"
"802455633","Pincus","Cubbon","0"
"712654233","Ric","Lecky","0"
"713889933","Noah","Beert","0"
"772000533","Connie","Dalloway","1"
"713948808","Earle","Iacapucci","1"
"720769533","Marcellus","Munnis","0"
"711359058","Ree","Veljes","1"
"720197058","Theodora","Chilley","1"
"712767858","Toma","Perrat","0"
"709703433","Eddie","Butteris","1"
"720409608","Dru","Kondratenya","0"
"716364408","Flor","Shiell","1"
"714131058","Davidde","Hollier","1"
"708462258","Nevil","Carletto","1"
"717099408","Cherin","Kleinlerer","0"
"708897408","Avigdor","Kliment","1"
"715186608","Gavrielle","O'Flaverty","0"
"719602908","Myrwyn","Costar","0"
"709380333","Anastasia","Levi","0"
"708332808","Cecil","Dinan","0"
"811942983","Lemuel","Wahner","0"
"709759908","Brockie","Mariel","0"
"710903358","Sadye","Skudder","0"
"709858533","Rikki","Jurczik","1"
"719463708","Shaun","Heinicke","1"
"708623283","Merilyn","Rohan","0"
"794675058","Luciana","Mapledoore","1"
"801497508","Neall","Hasling","1"
"709816158","Ami","Vagg","0"
"715708308","Jeniffer","Mabbitt","1"
"720196158","Ashli","Le Gall","0"
"789129033","Lloyd","Sharply","1"
"713114133","Rennie","Fitzsimon","0"
"793636308","Gilly","Halgarth","1"
"718481283","Bili","Asple","0"
"719095533","Mercy","Marsland","1"
"826150608","Anneliese","Poynor","0"
"715904433","Vito","Pawlick","0"
"779862408","Rafferty","Hustings","0"
"719868183","Nedda","Passmore","1"
"709149408","Adora","Curness","1"
"720076458","Blake","Panter","0"
"718677858","Alasdair","Nunson","1"
"714606558","Yorke","Rogister","0"
"721315233","Gertrudis","Grandison","1"
"710926383","Harriot","Burk","0"
"778426608","Gipsy","Mugleston","0"
"780620883","Marnie","Edwards","0"
"710866758","Effie","Spacie","0"
"817094283","Alli","Coldtart","0"
"771693933","Gearard","Dener","0"
"788957358","Oralia","Tenpenny","0"
"785218458","Jeramie","Goodliffe","1"
"715898058","Mersey","Bahlmann","0"
"719272458","Fraser","Borgne","1"
"715412583","Erin","Patten","0"
"708740808","Aldous","Brotherheed","1"
"771180033","Pren","Pitts","1"
"718292283","Skipp","Klauber","0"
"720338658","Hally","Matchett","1"
"716838633","Chantal","Saffle","0"
"715047333","Dorelia","Gillopp","0"
"808981608","Shanta","Copnell","0"
"812956983","Franklyn","Gillebert","0"
"815091333","Milka","Dorrell","0"
"713857758","Fons","Dietz","0"
"748827033","Jaquith","Vasechkin","0"
"802673508","Corrie","Braham","0"
"823615983","Samuele","Portigall","0"
"720809358","Fedora","Chatwood","1"
"781337658","Stavro","Rocks","0"
"711148308","Prescott","Sellors","1"
"719860308","Carling","Solly","0"
"713320008","Lenna","Cruse","1"
"803421108","Felicia","Bonelle","0"
"720841533","Maurice","Brosel","1"
"791839233","Emmy","Roder","1"
"713334483","Cecilia","Ryson","0"
"709339758","Eartha","Binstead","0"
"709861008","Deck","Grebert","0"
"714543633","Hieronymus","Eddy","0"
"716484333","Chris","Lunck","1"
"719604858","Glenn","Hardiman","0"
"714516783","Earvin","Guyet","1"
"721347408","Manfred","Britland","1"
"718464258","Brooks","Yalden","0"
"772323033","Harald","Phidgin","1"
"780045708","Merlina","Weald","0"
"711111633","Casey","Cheake","0"
"720377433","Merrile","Simka","0"
"798786333","Eddy","Fleckno","0"
"720274158","Arron","Luscombe","1"
"716373483","Ilsa","Twede","0"
"815500983","Alexandr","Baskeyfied","0"
"719808558","Alexio","Steinor","0"
"804428958","Matthias","Kerwen","0"
"716793108","Giovanni","Chaucer","1"
"789849108","Bram","Cunniff","0"
"803957508","Woodman","Scholcroft","0"
"720872433","Boony","Stoppard","1"
"719818983","Charleen","Margram","0"
"709575858","Nance","Follett","0"
"709567758","Eric","Silvermann","0"
"710461083","Horace","Twomey","0"
"715773783","Omar","Blazejewski","1"
"713101383","Peggy","Cosker","0"
"720521808","Caryn","Kisbey","0"
"720473433","Richart","Barnhill","0"
"781391058","Edythe","Rooney","0"
"711159108","Lancelot","Earnshaw","0"
"789666333","Betteanne","Syvret","0"
"721189008","Tracie","Clingan","0"
"712933083","Chrissie","Rivett","1"
"787868958","Darby","Hassall","0"
"717915783","Jarrad","Timothy","0"
"717812133","Fleming","Moy","0"
"710201058","Shayne","Blackesland","1"
"778659108","Lexine","Orneles","0"
"789325008","Tracey","Jolin","0"
"788107683","Tabbie","Lamartine","1"
"788673708","Auroora","Sugars","0"
"790186458","Reggis","Tellesson","0"
"719634408","Rockwell","Sussex","0"
"710572458","Kennett","O' Driscoll","0"
"720467583","Hershel","Ewart","0"
"788418933","Mayne","Roycroft","0"
"718503108","Alvie","Beat","0"
"790082508","Moritz","Winslow","0"
"808675083","Emmery","Brawley","0"
"714575208","Natala","Olek","0"
"715174158","Kenna","Burnage","1"
"799717458","Perry","Cunniff","1"
"824795358","Ephrem","Billin","1"
"713512308","Nonna","Skechley","0"
"713056083","Daffie","Maffioletti","1"
"709140858","Ignacius","Surridge","1"
"772601283","Birgitta","Aingel","0"
"801373833","Saba","Duerden","1"
"827984658","Olivette","Niesel","1"
"788797983","Kesley","MacAscaidh","0"
"713030958","Gizela","Antao","0"
"708712833","Murdock","Mylan","1"
"768687183","Albina","Lempertz","1"
"720449208","Carolus","Downse","1"
"717278808","Moria","Jerson","0"
"809363958","Balduin","Jacquot","1"
"771518658","Flem","Mangeot","0"
"711263058","Avivah","Ninnotti","0"
"713876958","Selene","Southworth","0"
"717480783","Julianne","Ramsey","0"
"716249508","Sibby","Vlasyev","1"
"721437333","Jo-anne","Birkett","0"
"708516558","Lisbeth","Melarkey","0"
"716758008","Larissa","Kocher","0"
"716546283","Shepperd","Ambrozik","0"
"780581508","Kristel","Valder","0"
"714907908","Bendick","Dabner","0"
"717724233","Reine","Poynton","0"
"721026033","Brenda","Commin","0"
"710947683","Sara","Halfhead","1"
"715807383","Glennis","Brixey","0"
"803657133","Halie","Spileman","1"
"720585183","Binny","Schutze","0"
"716204883","Rubie","Learmond","0"
"798120858","Aurea","Twittey","1"
"779438208","Katha","Mobbs","1"
"712096758","Leanor","Joy","0"
"772695033","Lacy","Gildersleeve","1"
"716059608","Claudia","McComiskie","0"
"719944458","Jillane","Dufore","0"
"719452308","Rivi","Clawe","1"
"711494208","Allister","Wem","1"
"711964533","Tuesday","Fiennes","1"
"715672458","Harmonie","Eland","1"
"806914158","Sammy","Parfett","0"
"710986758","Abbey","Kittle","0"
"718466883","Linnea","Sloey","0"
"708185208","Klara","Pedrazzi","0"
"712294983","Gabie","Bowling","1"
"768728508","Vonni","Monckman","0"
"771460158","Davita","Baggally","0"
"802460433","Adora","Vautre","0"
"716750358","Cathlene","Houseago","1"
"713251008","Archy","Casa","0"
"803347908","Guillaume","Bonnell","0"
"718744008","Charita","Sabberton","0"
"716850558","Aldus","Doswell","0"
"713181558","Alfonse","Andrick","0"
"788370258","Alice","Alves","0"
"721464783","Veradis","Kingsnoad","0"
"769720683","Midge","Pavis","1"
"710455608","Beau","Flaubert","0"
"712055433","Nola","Maciak","1"
"717979008","Abelard","Willcock","1"
"773667708","Siward","Levy","0"
"788826408","Liana","Scrowby","0"
"709999308","Gibbie","Hickinbottom","0"
"821179233","Ronny","Reisin","0"
"721017333","Rurik","Dacca","1"
"712177908","Marga","Davy","0"
"718698558","Marchelle","Radband","1"
"720650208","Filippa","De Vries","1"
"715832058","Antonie","Meijer","1"
"715478733","Gilberte","Diego","0"
"778239933","Darlleen","Sacker","1"
"714635883","Ray","Geekin","1"
"717705858","Feliza","Jodlkowski","0"
"711052308","Kimmie","Slatten","0"
"715684308","Sada","Zimmermeister","0"
"714173808","Cherilynn","Whellans","0"
"716909283","Mirabella","Charter","0"
"823621083","Toinette","Goldberg","0"
"772539558","Nels","Doulton","0"
"717836733","Ruperto","Dunnico","0"
"714885258","Melisandra","Sendley","0"
"767049258","Vinnie","Plumer","1"
"715174983","Nathaniel","Lomasney","0"
"757722708","Paula","Gould","1"
"780710433","Dodi","Tyne","0"
"712637283","Kyle","Grigaut","0"
"714916758","Alena","Sibun","0"
"719525358","Devina","Fettes","0"
"711327558","Elwira","Vipan","0"
"789124683","Allard","Twell","0"
"715193433","Gae","Champken","1"
"779920533","Ciro","Chettoe","1"
"822984108","Juliet","Dauncey","0"
"708887433","Jacquenette","Towler","0"
"721350783","Barret","Etches","1"
"714051033","Niall","O'Flaherty","0"
"712060158","Roddie","Willshaw","0"
"716194683","Blisse","Comusso","0"
"711389358","Dorian","Stanton","1"
"715719033","Ola","Hachard","1"
"711802758","Leora","Berks","0"
"754872333","Felizio","Catt","0"
"712012758","Whitman","Warwicker","0"
"751076058","Kit","Nassie","1"
"719182308","Ilene","Gallard","1"
"720562008","Margery","Stolworthy","0"
"790164408","Bartholemy","Alliberton","1"
"714557583","Waverly","Elce","1"
"758787333","Avigdor","Gonning","0"
"804606033","Odelle","Joscelin","0"
"712998033","Addy","Coaker","1"
"713918358","Augustina","Gresser","0"
"721039308","Paxton","Castagne","0"
"789791808","Cinderella","Huntar","0"
"717511533","Corie","Brightey","1"
"710978058","Chase","Gommowe","0"
"713620308","Robina","Bracco","1"
"790131033","Marlin","Berwick","0"
"714451833","Rob","Corzon","0"
"715919283","Dorthy","Dwire","0"
"719099583","Desi","Padmore","1"
"713682708","Wenona","Cawthry","0"
"802875333","Lenka","Shropsheir","0"
"717035283","Analise","Ormshaw","0"
"708480333","Madeleine","Rodolf","1"
"765731433","Ranna","Ritchman","1"
"717346833","Virgilio","Lotherington","1"
"713254983","Hort","Roseveare","0"
"822905058","Kilian","Chaim","0"
"713363583","Trueman","Moens","0"
"709120008","Ninette","Robbert","1"
"713382558","Anica","Skerratt","0"
"713418558","Jocelyn","Hazelgrove","0"
"714709983","Hervey","Davidove","0"
"789235383","Manfred","Wenham","0"
"710226708","Lennard","Climance","0"
"780715683","Nevin","Byrd","0"
"718824783","Levy","Allerton","0"
"714037308","Emmaline","Adshead","0"
"717212958","Janet","Beadle","0"
"767256933","Datha","Lamar","0"
"716404383","Pernell","Blancowe","0"
"714495258","Rock","McCreagh","0"
"716708583","Irwinn","Eley","0"
"735825258","Alfie","Bloxham","1"
"721282908","Pacorro","Fiske","0"
"780199233","Bree","Paulsen","0"
"710666583","Minda","Manes","0"
"710865633","Nadine","Ricson","0"
"788974608","Isabelita","Withey","0"
"716694108","Lewes","O'Hickee","0"
"716635758","Hendrika","Figgen","1"
"708774708","Karoly","Gerin","0"
"714140133","Lynn","Dominguez","1"
"789300408","Jill","Lingner","1"
"718127958","Lyman","De Vile","1"
"719216508","Flo","Niven","0"
"711276933","Amaleta","Basso","1"
"779449308","Eba","Jirousek","0"
"715612983","Addia","Duckitt","0"
"710598408","Cammie","Duxbury","0"
"714639783","Joshuah","Zannetti","0"
"714062958","Iggie","Corzon","0"
"778348233","Putnam","MacComiskey","1"
"786097158","Leontine","Frake","1"
"720412308","Emmalee","Pelcheur","0"
"827100333","Beverlee","Standish-Brooks","0"
"714920208","Josefina","Plaschke","0"
"788785083","Asia","Pratley","1"
"716647983","Nevil","Jessopp","0"
"826775058","Shermie","Dimbylow","1"
"719206308","Hamid","Faucett","1"
"714042108","Loraine","de Glanville","0"
"720264783","Agretha","Leahey","1"
"720660558","Boonie","Fairpo","0"
"718383183","Orazio","Sieghard","0"
"815525508","Daisy","Tyler","0"
"709056558","Issiah","Monsey","1"
"713931258","Suki","Meiklem","1"
"714319233","Audi","McGuinness","0"
"721107258","Gerhard","Altofts","0"
"717023508","Cherish","McPeeters","0"
"719655258","Evelina","Ickovici","0"
"714492783","Nathalie","Vanichkov","0"
"780143283","Beth","Siaskowski","0"
"711688983","Dennison","MacKean","0"
"711153783","Udell","Okroy","0"
"715357308","Vassili","Wand","1"
"720188508","Grethel","Giblett","1"
"719991783","Dannel","Bamlett","0"
"719356008","Mufinella","Cattermoul","1"
"715655283","Courtnay","Manwell","1"
"712219083","Malia","Filimore","0"
"712707408","Danny","Ilyenko","0"
"715849983","Blair","Jakov","1"
"711762408","Ellynn","Ahmad","0"
"718243533","Marianne","Cromarty","0"
"720371733","Iris","Hould","0"
"721522533","Rutherford","Golightly","0"
"709807383","Anna-maria","Tevelov","0"
"712361583","Herbie","Ibotson","0"
"758653833","Emmalyn","Sutherel","1"
"718349058","Claiborne","Cicerone","0"
"770800683","Annemarie","Sheahan","1"
"717327783","Alie","Hawtrey","0"
"714629358","Maxi","Eacle","0"
"721321383","Paddy","Jacobs","0"
"716530533","Roana","Reynoldson","1"
"799249833","Nicolis","Grave","0"
"716979183","Huntington","Dykes","0"
"790141308","Codie","Twigg","1"
"824163333","Thaine","Very","0"
"710955633","Allin","Orleton","1"
"709465758","Johanna","Vousden","0"
"718950483","Carola","Foyston","0"
"711221958","Burt","Seide","0"
"789705408","Laurie","Mousdall","0"
"780790008","Merill","Symons","1"
"713356833","Darryl","Kofax","0"
"711283008","Gerardo","Pomphrett","1"
"804658833","Oralia","Joule","0"
"711886383","Aigneis","Boltwood","0"
"719723658","Janaya","Blaw","0"
"789087858","Kirby","Pideon","0"
"816613158","Flem","Ginger","0"
"714243408","Gian","Brittoner","0"
"719594433","Lonee","Puttrell","0"
"709505808","Leoline","Kettlestringe","1"
"751166508","Maxwell","Probat","0"
"789059958","Adelina","Asbrey","0"
"719150658","Ebenezer","Exelby","0"
"710745633","Jane","Reven","0"
"715463133","Basia","Chaplin","1"
"721455558","Marnia","Beattie","1"
"716592558","Emlyn","Kayne","0"
"718855983","Constantine","Antoniades","1"
"711337158","Hartley","Cocker","1"
"708972783","Norton","Gye","0"
"715859058","Erna","Dalliwatr","0"
"779420583","Susana","Lubman","1"
"709668408","Ashlie","Mizzi","0"
"787547208","Marjory","Hugonin","0"
"712869783","Pandora","Edards","0"
"715571583","Yetta","Ferrari","0"
"720310458","Bert","Boake","1"
"709950858","Helaine","Sayles","0"
"803418783","Mathe","Kille","0"
"711673983","Lorelei","Moyes","0"
"714118383","Dotty","Mayhow","0"
"720695583","Nona","Ivanovic","0"
"709584483","Francois","Slowcock","1"
"721059033","Nataniel","Romao","0"
"712044558","Morry","Rock","0"
"786557358","Shane","Cahalin","0"
"819969933","Nanette","McGrotty","0"
"756944133","Tybalt","Lowndsbrough","0"
"709166883","Addy","Duesbury","0"
"709307808","Alessandra","Greenlies","0"
"709592808","Joannes","Wells","0"
"813573333","Natty","Garry","0"
"708720558","Jammal","Bineham","0"
"760104333","Pablo","Coggings","0"
"710738883","Britt","Fincke","0"
"768460908","Rodd","Cullington","1"
"712514508","Brandy","McPhillips","0"
"780833058","Addia","Domegan","1"
"720819858","Merla","Scoggan","0"
"720244983","Rosene","Casillis","0"
"784998108","Bondy","Koba","0"
"709200633","Adora","Quadri","0"
"708316008","Giacobo","Rabbitt","0"
"710725383","Benton","Burdfield","0"
"787463508","Rhiamon","Rennard","0"
"712899333","Conny","Pitkin","0"
"714156633","Karola","Geoghegan","0"
"713008308","Emmy","Roggers","0"
"717924933","Inglis","Whale","1"
"721165608","Eal","Petrishchev","0"
"719692983","Orrin","Burgon","1"
"780078333","Dimitri","Sayse","0"
"719694408","Irene","MacCallion","0"
"712420833","Callean","Ellershaw","0"
"779625858","Davine","Ruthven","0"
"789185508","Garek","MacFarlane","1"
"720756708","Smith","Mate","0"
"708347583","Winthrop","Andrzejowski","0"
"813449508","Steffen","Milson","0"
"712270158","Hedvige","Coumbe","0"
"712019883","Mattheus","Meekings","0"
"712089108","Renate","Beeson","0"
"801709308","Tulley","Pinder","1"
"823908858","Kathy","Skrine","0"
"716717733","Leopold","Figgures","0"
"779486433","Keelby","Rigby","0"
"803880108","Patric","Lucken","0"
"719930658","Katrinka","Vassall","0"
"811140933","Elia","Trayford","0"
"708807483","Jaynell","Ramsier","0"
"713943783","Tootsie","Tomblings","0"
"812453283","Carlos","Sawer","0"
"788788758","Gerry","Chrishop","0"
"717173358","Dion","Smooth","0"
"711675108","Cass","Meller","0"
"717603858","Courtney","Coughlin","0"
"804577833","Abraham","Bambrick","0"
"718005108","Ailee","Burtt","1"
"716033508","Annecorinne","Inkpen","0"
"771819258","Gard","Slessar","0"
"719346708","Nowell","Malham","0"
"720186258","Candie","Florey","0"
"771527508","Sherilyn","Davidwitz","0"
"788916933","Bradney","Lindenman","0"
"714496083","Hirsch","Fairbrother","0"
"720075558","Blanca","Crowthe","0"
"802662858","Avram","McKee","1"
"713516433","Yancey","Lindeman","0"
"789627258","Ugo","Gooble","0"
"721288158","Delmor","Chasmoor","1"
"716811483","Alfonso","Standfield","1"
"821351958","Jacinthe","Jahner","0"
"719857008","Gabie","Gorries","0"
"709979583","Homere","Karle","1"
"711363258","Neddie","Balasin","0"
"801383808","Lorrin","Roskeilly","0"
"716739258","Keary","Scroggs","1"
"773275083","Crissy","Townsend","0"
"718976283","Conant","Scranedge","1"
"714188883","Reggie","Pocklington","0"
"789362058","Winona","Nan Carrow","1"
"780086658","Israel","Gheeraert","1"
"709985133","Karol","Isabell","0"
"714594933","Dinny","Felstead","0"
"721220583","Bliss","Osbaldstone","0"
"713149683","Georgeanna","Duchant","0"
"715908558","Hughie","Antonnikov","0"
"771354633","Latashia","Valdes","1"
"794540883","Lane","Farryn","1"
"714971583","Kaylyn","Byrde","0"
"715004808","Maybelle","Werlock","0"
"718614183","Shaylynn","Strapp","0"
"710458758","Aguste","Sedworth","0"
"772426383","Burlie","Tubb","1"
"796903083","De witt","Deval","1"
"718919433","Kettie","Kennett","0"
"789095958","Vassily","MacNeely","0"
"708286683","Shane","Lambourne","1"
"720795858","Britta","Kirsch","0"
"789186858","Tamiko","Deverille","1"
"713847858","Hedwiga","Ambroise","1"
"715717608","Clara","Wallsworth","1"
"815088483","Redd","Kasper","0"
"789772983","Thedric","Blanc","0"
"778137108","Ronnie","Yanukhin","1"
"719443683","Heinrick","Philippe","0"
"772837083","Theresa","Farrington","0"
"711191808","Cary","Huske","0"
"720801033","Whitney","Guerner","0"
"819129858","Dom","Djekovic","0"
"820848408","Osbert","Noell","0"
"719450508","Ardeen","Wittier","0"
"717613233","Melamie","Fante","0"
"789367083","Romain","Gavin","0"
"797743233","Michel","Albinson","0"
"721137558","Aubert","McShea","1"
"767587833","Dodie","Vuitton","0"
"715948833","Orelee","Warke","0"
"720044658","Selle","Boase","1"
"714684933","Andrej","Roddell","1"
"719971458","Connie","Dripps","0"
"718921683","Nikolas","Belderfield","0"
"720831783","Leelah","Comizzoli","1"
"809818008","Diane-marie","La Grange","1"
"717571683","Dugald","Huguenet","0"
"712168833","Matteo","Chazerand","0"
"711326583","Lyssa","Meriet","0"
"712011633","Jesus","Kime","0"
"717806133","Jozef","McAtamney","1"
"790000608","Jermaine","Di Giacomo","0"
"708959583","Johannah","Steeden","0"
"795573333","Durand","Snodin","0"
"720761208","Ariel","Coop","0"
"716118633","Pammi","Nevill","0"
"720250158","Cloris","Adney","0"
"712927383","Alasdair","Ede","0"
"788770908","Daniela","Poon","0"
"715129233","Tasha","Caisley","0"
"720214833","Valdemar","Sidwell","0"
"822955008","Dunn","Densey","0"
"717568308","Muire","Ferns","0"
"714142158","Shanda","Ronayne","0"
"718970058","Cullen","Skittle","0"
"710888883","Georgena","Schole","1"
"715281933","Jo","Normanville","0"
"788820933","Allx","Adaway","1"
"814586958","Filippo","Mitten","0"
"710443833","Matias","Filasov","1"
"709701558","Chilton","Ellice","0"
"789907533","Darb","Duchan","1"
"721387008","Aube","Goodnow","0"
"755247108","Nollie","Fishly","0"
"715113933","Melonie","Cromarty","1"
"708846183","Bobbye","Gravet","1"
"714839808","Lin","Greedy","1"
"709669533","Modesty","Bettanay","0"
"769579608","Curt","Reiners","1"
"768141558","Cyrill","Neary","0"
"709603608","Katharyn","Fritz","1"
"824761458","Lou","Loving","0"
"715237683","Bianca","Sivyour","0"
"710229333","Katy","Robotham","0"
